surface,accepted_readings,note_ids
七,しち / なな,1763221256496
九,きゅう / く,1763221256498
二十歳,にじゅっさい / はたち,1763222775706
人,じん / ひと,1763216199325 1763216199385
何人,なにじん / なんにん,1771674800658 1783671317863
十,じゅう / とお,1763221256499 1766233113427
十分,じゅうぶん / じゅっぷん,1763222775678 1782830622310
四,し / よん,1763221256493
家,いえ / うち,1763224837110 1764275207105
市場,いちば / しじょう,1788508209251 1788508209252
時,じ / とき,1763216199384 1766948990603
海,うみ / かい,1763224837115 1781696679994
私,あたし / わたくし / わたし,1763216199319 1763221256489 1781607717757
空,から / そら,1774694479096 1781696679981
開く,あく / ひらく,1791219779280 1791219779281 1791357668646
