lesson,lesson_order,note_id,surface,reading,furigana_markup,target_kanji,reason,missing_unknown_kanji
1-3,3,1763222775706,二十歳,はたち/にじゅっさい,二十歳[はたち/にじゅっさい],二 十,furigana_would_reveal_target,
1-3,3,1763814618719,一昨日,おととい,一昨日[おととい],一,furigana_would_reveal_target,
1-3,3,1765399966837,時々,ときどき,時々[ときどき],時,furigana_would_reveal_target,
1-3,3,1768041380635,一日,ついたち,一日[ついたち],一,furigana_would_reveal_target,
1-3,3,1768041380636,二日,ふつか,二日[ふつか],二,furigana_would_reveal_target,
1-3,3,1768041380637,三日,みっか,三日[みっか],三,furigana_would_reveal_target,
1-3,3,1768041380638,四日,よっか,四日[よっか],四,furigana_would_reveal_target,
1-3,3,1768041380639,五日,いつか,五日[いつか],五,furigana_would_reveal_target,
1-3,3,1768041380640,六日,むいか,六日[むいか],六,furigana_would_reveal_target,
1-3,3,1768041380641,七日,なのか,七日[なのか],七,furigana_would_reveal_target,
1-3,3,1768041380642,八日,ようか,八日[ようか],八,furigana_would_reveal_target,
1-3,3,1768041380643,九日,ここのか,九日[ここのか],九,furigana_would_reveal_target,
1-3,3,1768041380644,十日,とおか,十日[とおか],十,furigana_would_reveal_target,
1-3,3,1768041380648,十四日,じゅうよっか,十四日[じゅうよっか],十 四,furigana_would_reveal_target,
1-3,3,1768041380654,二十日,はつか,二十日[はつか],二 十,furigana_would_reveal_target,
1-3,3,1768041380658,二十四日,にじゅうよっか,二十四日[にじゅうよっか],二 十 四,furigana_would_reveal_target,
1-3,3,1768042539239,一昨年,おととし,一昨年[おととし],一,furigana_would_reveal_target,
1-3,3,1769858247227,一人です,ひとりです,一人[ひとり]です,一,furigana_would_reveal_target,
1-3,3,1771440447501,三味線,しゃみせん,三味線[しゃみせん],三,furigana_would_reveal_target,
1-4,4,1763551593863,今日,きょう,今日[きょう],日,furigana_would_reveal_target,
1-4,4,1763551593864,昨日,きのう,昨日[きのう],日,furigana_would_reveal_target,
1-4,4,1763814618704,また明日,またあした,また明日[あした],日,furigana_would_reveal_target,
1-4,4,1763814618717,明日,あした,明日[あした],日,furigana_would_reveal_target,
1-4,4,1763814618719,一昨日,おととい,一昨日[おととい],日,furigana_would_reveal_target,
1-4,4,1763814618720,明後日,あさって,明後日[あさって],日,furigana_would_reveal_target,
1-4,4,1768042539231,誕生日,たんじょうび,誕生日[たんじょうび],日,furigana_would_reveal_target,
1-4,4,1768042539232,誕生日はいつですか,たんじょうびはいつですか,誕生日[たんじょうび]はいつですか,日,furigana_would_reveal_target,
1-4,4,1768042539235,先々月,せんせんげつ,先々月[せんせんげつ],月,furigana_would_reveal_target,
1-4,4,1768156765421,お誕生日おめでとう,おたんじょうびおめでとう,お誕生日[たんじょうび]おめでとう,日,furigana_would_reveal_target,
1-4,4,1771673977844,お土産,おみやげ,お土産[みやげ],土,furigana_would_reveal_target,
1-4,4,1771871839143,上手,じょうず,上手[じょうず],上,furigana_would_reveal_target,
1-4,4,1771871839144,下手,へた,下手[へた],下,furigana_would_reveal_target,
1-5,5,1763216199322,彼女,かのじょ,彼女[かのじょ],女,furigana_would_reveal_target,
1-5,5,1768042539234,再来週,さらいしゅう,再来週[さらいしゅう],来,furigana_would_reveal_target,
1-5,5,1768042539241,今年,ことし,今年[ことし],今,furigana_would_reveal_target,
1-5,5,1782831798052,田舎,いなか,田舎[いなか],田,furigana_would_reveal_target,
1-6,6,1768042539231,誕生日,たんじょうび,誕生日[たんじょうび],生,furigana_would_reveal_target,
1-6,6,1768042539232,誕生日はいつですか,たんじょうびはいつですか,誕生日[たんじょうび]はいつですか,生,furigana_would_reveal_target,
1-6,6,1768042539233,先々週,せんせんしゅう,先々週[せんせんしゅう],先,furigana_would_reveal_target,
1-6,6,1768042539235,先々月,せんせんげつ,先々月[せんせんげつ],先,furigana_would_reveal_target,
1-6,6,1768156765421,お誕生日おめでとう,おたんじょうびおめでとう,お誕生日[たんじょうび]おめでとう,生,furigana_would_reveal_target,
2-7,7,1763551593879,お祖父さん,おじいさん,お祖父[じい]さん,父,furigana_would_reveal_target,
2-7,7,1763551593880,お祖母さん,おばあさん,お祖母[ばあ]さん,母,furigana_would_reveal_target,
2-7,7,1763813137798,叔父さん,おじさん,叔父[おじ]さん,父,furigana_would_reveal_target,
2-7,7,1763813137799,叔母さん,おばさん,叔母[おば]さん,母,furigana_would_reveal_target,
2-7,7,1769253601132,お会計,おかいけい,お会計[かいけい],会,furigana_would_reveal_target,
2-7,7,1769253601133,お会計をお願いします,おかいけいをおねがいします,お会計[かいけい]をお願[ねが]いします,会,furigana_would_reveal_target,
2-7,7,1769253601139,ご注文,ごちゅうもん,ご注文[ちゅうもん],文,furigana_would_reveal_target,
2-7,7,1769253601140,ご注文がお決まりになりましたらお呼びください,ごちゅうもんがおきまりになりましたらおよびください,ご注文[ちゅうもん]がお決[き]まりになりましたらお呼[よ]びください,文,furigana_would_reveal_target,
2-7,7,1771871839083,葉書,はがき,葉書[はがき],書,furigana_would_reveal_target,
2-7,7,1771873005488,お菓子,おかし,お菓子[かし],子,furigana_would_reveal_target,
2-7,7,1780984776084,電話をかける,でんわをかける,電話[でんわ]をかける,電,furigana_would_reveal_target,
2-9,9,1763814618720,明後日,あさって,明後日[あさって],後,furigana_would_reveal_target,
2-9,9,1785744816833,吹雪,ふぶき,吹雪[ふぶき],雪,furigana_would_reveal_target,
2-10,10,1768042539239,一昨年,おととし,一昨年[おととし],年,furigana_would_reveal_target,
2-13,13,1776505858086,海豚,いるか,海豚[いるか],海,furigana_would_reveal_target,
