character,lesson,lesson_order,book,chapter,meaning,onyomi,onyomi_accepted,kunyomi,kunyomi_accepted,note_id
一,1-3,3,1,3,jeden,イチ | イツ,いち | いつ,ひと.つ,ひとつ,1767438371560
二,1-3,3,1,3,dwa,ニ,に,ふた.つ,ふたつ,1767438371561
三,1-3,3,1,3,trzy,サン,さん,みっ.つ,みっつ,1767438371562
四,1-3,3,1,3,cztery,シ,し,よ | よん | よっ.つ,よ | よん | よっつ,1767438371563
五,1-3,3,1,3,pięć,ゴ,ご,いつ.つ,いつつ,1767438371564
六,1-3,3,1,3,sześć,ロク,ろく,むっ.つ,むっつ,1767438371565
七,1-3,3,1,3,siedem,シチ,しち,なな | なな.つ,なな | ななつ,1767438371566
分,1-3,3,1,3,minuta / dzielić,フン | ブン,ふん | ぶん,わ.ける | わ.かる,わける | わかる,1767549395036
八,1-3,3,1,3,osiem,ハチ,はち,やっ.つ,やっつ,1767549395037
九,1-3,3,1,3,dziewięć,キュウ | ク,きゅう | く,ここの.つ,ここのつ,1767549395038
十,1-3,3,1,3,dziesięć,ジュウ,じゅう,とお,とお,1767549395039
百,1-3,3,1,3,sto,ヒャク,ひゃく,,,1767549395040
千,1-3,3,1,3,tysiąc,セン,せん,,,1767549395041
万,1-3,3,1,3,dziesięć tysięcy,マン,まん,,,1767549395042
円,1-3,3,1,3,okrągły / jen,エン,えん,まる.い,まるい,1767549395043
時,1-3,3,1,3,czas / godzina,ジ,じ,とき,とき,1767549395044
月,1-4,4,1,4,księżyc / miesiąc,ゲツ | ガツ,げつ | がつ,つき,つき,1771678883510
火,1-4,4,1,4,ogień,カ,か,ひ,ひ,1771678883511
水,1-4,4,1,4,woda,スイ,すい,みず,みず,1771678883512
木,1-4,4,1,4,drzewo,モク,もく,き,き,1771678883513
金,1-4,4,1,4,złoto / pieniądze,キン,きん,かね,かね,1771678883514
土,1-4,4,1,4,ziemia,ド,ど,つち,つち,1771678883515
曜,1-4,4,1,4,dni tygodnia,ヨウ,よう,,,1771678883516
半,1-4,4,1,4,pół,ハン,はん,,,1771679706738
日,1-4,4,1,4,dzień / słońce,ニチ | ジツ,にち | じつ,ひ | か,ひ | か,1771679706739
本,1-4,4,1,4,książka / podstawa,ホン,ほん,もと,もと,1771679706740
人,1-4,4,1,4,człowiek,ジン | ニン,じん | にん,ひと,ひと,1771679706741
上,1-4,4,1,4,góra (kierunek),ジョウ,じょう,うえ | のぼ・る | あ・げる,うえ | のぼる | あげる,1771679706742
下,1-4,4,1,4,dół,カ | ゲ,か | げ,した | くだ・る,した | くだる,1771679706743
中,1-4,4,1,4,środek,チュウ | ジュウ,ちゅう | じゅう,なか,なか,1771679706744
外,1-4,4,1,4,zewnątrz,ガイ,がい,そと,そと,1771679706745
気,1-5,5,1,5,"duch, energia, atmosfera",キ,き,,,1773750740930
天,1-5,5,1,5,niebo,テン,てん,,,1773750740931
元,1-5,5,1,5,"pochodzenie, fundament",ゲン,げん,もと,もと,1773750740932
山,1-5,5,1,5,góra,サン,さん,やま,やま,1773750740933
川,1-5,5,1,5,rzeka,,,かわ,かわ,1773750740934
私,1-5,5,1,5,"ja, prywatny",シ,し,わたし,わたし,1773750740935
今,1-5,5,1,5,teraz,コン,こん,いま,いま,1773750740936
田,1-5,5,1,5,pole ryżowe,,,た,た,1773750740937
女,1-5,5,1,5,kobieta,ジョ,じょ,おんな,おんな,1773751856470
男,1-5,5,1,5,mężczyzna,ダン | ナン,だん | なん,おとこ,おとこ,1773751856471
見,1-5,5,1,5,patrzeć,ケン,けん,み.る,みる,1773751856472
行,1-5,5,1,5,iść,コウ | ギョウ,こう | ぎょう,い.く,いく,1773751856473
来,1-5,5,1,5,przyjść,ライ,らい,く.る | き.ます | こ.ない,くる | きます | こない,1773751856474
食,1-5,5,1,5,jeść,ショク,しょく,た.べる,たべる,1773751856475
飲,1-5,5,1,5,pić,イン,いん,の.む,のむ,1773751856476
右,1-6,6,1,6,prawo,ウ | ユウ,う | ゆう,みぎ,みぎ,1773752282387
左,1-6,6,1,6,lewo,サ,さ,ひだり,ひだり,1773752282388
東,1-6,6,1,6,wschód,トウ,とう,ひがし,ひがし,1773752282389
西,1-6,6,1,6,zachód,セイ | サイ,せい | さい,にし,にし,1773752282390
南,1-6,6,1,6,południe,ナン,なん,みなみ,みなみ,1773752282391
北,1-6,6,1,6,północ,ホク,ほく,きた,きた,1773752282392
口,1-6,6,1,6,usta,コウ,こう,くち,くち,1773752282393
出,1-6,6,1,6,wyjść,シュツ,しゅつ,で.る | だ.す,でる | だす,1773752282394
先,1-6,6,1,6,naprzód,セン,せん,さき,さき,1773752853256
生,1-6,6,1,6,narodziny,セイ | ショウ,せい | しょう,う.まれる,うまれる,1773752853257
小,1-6,6,1,6,mały,ショウ,しょう,ちい.さい,ちいさい,1773752853258
大,1-6,6,1,6,duży,ダイ | タイ,だい | たい,おお.きい,おおきい,1773752853259
学,1-6,6,1,6,uczyć się,ガク,がく,まな.ぶ,まなぶ,1773752853260
国,1-6,6,1,6,kraj,コク,こく,くに,くに,1773752853261
入,1-6,6,1,6,wchodzić,ニュウ,にゅう,はい.る | い.れる | いり,はいる | いれる | いり,1773752853262
会,2-7,7,2,7,spotkać,カイ,かい,あ.う,あう,1781521728437
社,2-7,7,2,7,firma,シャ | ジャ,しゃ | じゃ,,,1781521728438
高,2-7,7,2,7,wysoki,コウ,こう,たか.い | たか.める,たかい | たかめる,1781521728439
校,2-7,7,2,7,szkoła,コウ,こう,,,1781521728440
父,2-7,7,2,7,ojciec,フ,ふ,ちち | とう,ちち | とう,1781521728441
母,2-7,7,2,7,matka,ボ,ぼ,はは | かあ,はは | かあ,1781521728442
子,2-7,7,2,7,dziecko,シ,し,こ,こ,1781521728443
毎,2-7,7,2,7,każdy,マイ,まい,ごと,ごと,1781521728444
語,2-7,7,2,7,słowo,ゴ,ご,かた.る,かたる,1781521728445
文,2-7,7,2,7,zdanie,ブン,ぶん,,,1781521728446
書,2-7,7,2,7,pisać,ショ,しょ,か.く,かく,1781521728447
帰,2-7,7,2,7,wracać,キ,き,かえ.る,かえる,1781521728448
電,2-7,7,2,7,prąd,デン,でん,,,1781521728449
車,2-7,7,2,7,samochód,シャ,しゃ,くるま,くるま,1781521728450
京,2-7,7,2,7,stolica,キョウ,きょう,みやこ,みやこ,1781521728451
員,2-8,8,2,8,członek,イン,いん,,,1781616283795
古,2-8,8,2,8,stary,コ,こ,ふる.い,ふるい,1781616283796
新,2-8,8,2,8,nowy,シン,しん,あたら.しい,あたらしい,1781616283797
聞,2-8,8,2,8,"słuchać, pytać",ブン,ぶん,き.く,きく,1781616283798
作,2-8,8,2,8,wytworzyć,サク,さく,つく.る,つくる,1781616283799
仕,2-8,8,2,8,służyć,シ,し,,,1781616283800
事,2-8,8,2,8,rzecz,ジ,じ,こと,こと,1781616283801
休,2-8,8,2,8,odpoczywać,キュウ,きゅう,やす.む,やすむ,1781616283802
言,2-8,8,2,8,mówić,ゲン,げん,い.う,いう,1781616283803
読,2-8,8,2,8,czytać,ドク,どく,よ.む,よむ,1781616283804
思,2-8,8,2,8,myśleć,シ,し,おも.う,おもう,1781616283805
家,2-8,8,2,8,dom,カ,か,いえ | うち,いえ | うち,1781616283806
話,2-8,8,2,8,rozmawiać,ワ,わ,はな.す | はなし,はなす | はなし,1781616283807
次,2-8,8,2,8,następny,ジ,じ,つぎ,つぎ,1781616283808
何,2-8,8,2,8,co,ナン,なん,なに,なに,1781616283809
名,2-9,9,2,9,imię,メイ,めい,な,な,1781618075612
前,2-9,9,2,9,przed,ゼン,ぜん,まえ,まえ,1781618075613
午,2-9,9,2,9,południe (czas),ゴ,ご,,,1781618075614
後,2-9,9,2,9,"po, za",ゴ,ご,あと | うし.ろ,あと | うしろ,1781618075615
赤,2-9,9,2,9,czerwień,セキ,せき,あか,あか,1781618075616
青,2-9,9,2,9,błękit,セイ,せい,あお,あお,1781618075617
白,2-9,9,2,9,biel,ハク,はく,しろ,しろ,1781618075618
黒,2-9,9,2,9,czerń,コク,こく,くろ,くろ,1781618075619
雨,2-9,9,2,9,deszcz,ウ,う,あめ,あめ,1781618075620
雪,2-9,9,2,9,śnieg,セツ,せつ,ゆき,ゆき,1781618075621
友,2-9,9,2,9,przyjaciel,ユウ,ゆう,とも,とも,1781618075622
間,2-9,9,2,9,pomiędzy,カン | ケン,かん | けん,あいだ | ま,あいだ | ま,1781618075623
少,2-9,9,2,9,niewiele,ショウ,しょう,すこ.し | すく.ない,すこし | すくない,1781618075624
多,2-9,9,2,9,wiele,タ,た,おお.い,おおい,1781618075625
知,2-9,9,2,9,znać,チ,ち,し.る,しる,1781618075626
住,2-10,10,2,10,mieszkać,ジュウ,じゅう,す.む,すむ,1781675482358
正,2-10,10,2,10,"właściwy, poprawny",ショウ | セイ,しょう | せい,ただ.しい,ただしい,1781675482359
年,2-10,10,2,10,rok,ネン,ねん,とし,とし,1781675482360
売,2-10,10,2,10,sprzedaż,バイ,ばい,う.る,うる,1781675482361
買,2-10,10,2,10,kupować,バイ,ばい,か.う,かう,1781675482362
町,2-10,10,2,10,miasteczko,チョウ,ちょう,まち,まち,1781675482363
長,2-10,10,2,10,długi,チョウ,ちょう,なが.い,ながい,1781675482364
市,2-10,10,2,10,miasto,シ,し,いち,いち,1781675482365
道,2-10,10,2,10,droga,ドウ,どう,みち,みち,1781675482366
立,2-10,10,2,10,stać,リツ,りつ,た.つ,たつ,1781675482367
自,2-10,10,2,10,ja sam,ジ,じ,みずか.ら,みずから,1781675482368
夜,2-10,10,2,10,noc,ヤ,や,よ | よる,よ | よる,1781675482369
朝,2-10,10,2,10,rano,チョウ,ちょう,あさ,あさ,1781675482370
持,2-10,10,2,10,trzymać,ジ,じ,も.つ,もつ,1781675482371
昼,2-10,10,2,10,popołudnie,チュウ,ちゅう,ひる,ひる,1781675482372
手,2-11,11,2,11,ręka,シュ,しゅ,て,て,1781676412797
紙,2-11,11,2,11,papier,シ,し,かみ,かみ,1781676412798
病,2-11,11,2,11,choroba,ビョウ,びょう,,,1781676412799
院,2-11,11,2,11,instytucja,イン,いん,,,1781676412800
映,2-11,11,2,11,odbijać,エイ,えい,うつ.る,うつる,1781676412801
画,2-11,11,2,11,obraz,ガ | カク,が | かく,,,1781676412802
勉,2-11,11,2,11,starać się,ベン,べん,,,1781676412803
強,2-11,11,2,11,silny,キョウ,きょう,つよ.い,つよい,1781676412804
好,2-11,11,2,11,lubić,コウ,こう,す.き | この.み,すき | このみ,1781676412805
近,2-11,11,2,11,bliski,キン,きん,ちか.い,ちかい,1781676412806
明,2-11,11,2,11,jasny,メイ,めい,あか.るい,あかるい,1781676412807
所,2-11,11,2,11,miejsce,ショ,しょ,ところ,ところ,1781676412808
有,2-11,11,2,11,istnieć,ユウ,ゆう,あ.る,ある,1781676412809
旅,2-11,11,2,11,podróż,リョ,りょ,たび,たび,1781676412810
歌,2-11,11,2,11,śpiewać,カ,か,うた | うた.う,うた | うたう,1781676412811
昔,2-12,12,2,12,dawno temu,,,むかし,むかし,1781679839110
神,2-12,12,2,12,Bóg,ジン | シン,じん | しん,かみ,かみ,1781679839111
色,2-12,12,2,12,Kolor,シキ | ショク,しき | しょく,いろ,いろ,1781679839112
々,2-12,12,2,12,znak powtórzenia,,,,,1781679839113
早,2-12,12,2,12,wczesny,ソウ,そう,はや.い,はやい,1781679839114
起,2-12,12,2,12,obudzić się,キ,き,お.きる | お.こす,おきる | おこす,1781679839115
牛,2-12,12,2,12,Krowa,ギュウ,ぎゅう,うし,うし,1781679839116
使,2-12,12,2,12,używać,シ,し,つか.う,つかう,1781679839117
店,2-12,12,2,12,sklep,テン,てん,みせ,みせ,1781679839118
働,2-12,12,2,12,pracować,ドウ,どう,はたら.く,はたらく,1781679839119
連,2-12,12,2,12,łączyć,レン,れん,つ.れる,つれる,1781679839120
別,2-12,12,2,12,oddzielać,ベツ,べつ,わか.れる,わかれる,1781679839121
度,2-12,12,2,12,"stopień, raz",ド,ど,,,1781679839122
寺,2-12,12,2,12,świątynia,ジ,じ,てら,てら,1781679839123
心,2-12,12,2,12,serce,シン,しん,こころ,こころ,1781679839124
料,2-13,13,2,13,opłata,リョウ,りょう,,,1781681090855
理,2-13,13,2,13,"logika, prawo",リ,り,,,1781681090856
鳥,2-13,13,2,13,ptak,チョウ,ちょう,とり,とり,1781681090857
肉,2-13,13,2,13,mięso,ニク,にく,,,1781681090858
空,2-13,13,2,13,"niebo, pusty",クウ,くう,そら | あ.く | から,そら | あく | から,1781681090859
港,2-13,13,2,13,port,コウ,こう,みなと,みなと,1781681090860
着,2-13,13,2,13,"dotrzeć, nosić",チャク,ちゃく,つ.く | き.る,つく | きる,1781681090861
建,2-13,13,2,13,budować,ケン,けん,たて | た.つ | た.てる,たて | たつ | たてる,1781681090862
物,2-13,13,2,13,rzecz,ブツ,ぶつ,もの,もの,1781681090863
同,2-13,13,2,13,taki sam,ドウ,どう,おな.じ,おなじ,1781681090864
海,2-13,13,2,13,morze,カイ,かい,うみ,うみ,1781681090865
特,2-13,13,2,13,specjalny,トク | トッ,とく | とっ,,,1781681090866
安,2-13,13,2,13,"tani, bezpieczny",アン,あん,やす.い,やすい,1781681090867
飯,2-13,13,2,13,ryż,ハン,はん,,,1781681090868
悪,2-13,13,2,13,Zły,アク,あく,わる.い,わるい,1781681188258
